manufacturer,product,kind,file_name,manual_url,reason,id
Carboline,A/D Firefilm III / III C,listing_report,Code Compliance Report - ULER.pdf,https://carboline.canto.com/direct/v/sales/document/buvgstedh574vafibepuon891s/avW7vTCtwq-jC9Tt9pIa13cm9Y8/original?content-type=application%2Fpdf&name=Code+Compliance+Report+-+ULER.pdf,robots_disallowed,carboline-a-d-firefilm-iii-iii-c-code-compliance-report-uler-b6b569
Carboline,A/D Firefilm III / III C,design_listing,Firefilm - ITS AD-IMF 120-01 (Beam Assembly).pdf,https://carboline.canto.com/direct/v/sales/document/3a8jnl91il35r3i90pfoed4j5o/ly9-jyTrZrxNwX5YmY2wqnUEN6o/original?content-type=application%2Fpdf&name=Firefilm+-+ITS+AD-IMF+120-01+%28Beam+Assembly%29.pdf,robots_disallowed,carboline-a-d-firefilm-iii-iii-c-firefilm-its-ad-imf-120-01-beam-assem-861d2f
Carboline,A/D Firefilm III / III C,design_listing,Firefilm - ITS AD-IMF 120-02 (Wide Flange Column).pdf,https://carboline.canto.com/direct/v/sales/document/tg70pq362t0n17q5itd2dbeo00/IXkcHahdwUjIwjNMbVDRj7c869g/original?content-type=application%2Fpdf&name=Firefilm+-+ITS+AD-IMF+120-02+%28Wide+Flange+Column%29.pdf,robots_disallowed,carboline-a-d-firefilm-iii-iii-c-firefilm-its-ad-imf-120-02-wide-flang-3abd46
Carboline,A/D Firefilm III / III C,design_listing,Firefilm - ITS AD-IMF 120-03 (Wide Flange Column).pdf,https://carboline.canto.com/direct/v/sales/document/qpku0d7n9t4r346kidfgd7nb2o/75dCF4huaEgp3nKNVS9hHubxmck/original?content-type=application%2Fpdf&name=Firefilm+-+ITS+AD-IMF+120-03+%28Wide+Flange+Column%29.pdf,robots_disallowed,carboline-a-d-firefilm-iii-iii-c-firefilm-its-ad-imf-120-03-wide-flang-f51ca7
Carboline,A/D Firefilm III / III C,design_listing,Firefilm - ITS AD-IMF 180-01 (Wide Flange Column).pdf,https://carboline.canto.com/direct/v/sales/document/g7r6rhft8h4gd0q0tnnjv1nn75/LThJqamheYDD53v9SRTtdOgklh8/original?content-type=application%2Fpdf&name=Firefilm+-+ITS+AD-IMF+180-01+%28Wide+Flange+Column%29.pdf,robots_disallowed,carboline-a-d-firefilm-iii-iii-c-firefilm-its-ad-imf-180-01-wide-flang-e2f951
Carboline,A/D Firefilm III / III C,design_listing,Firefilm - ITS AD-IMF 90-01 (Hollow Section Column).pdf,https://carboline.canto.com/direct/v/sales/document/1aumcgs3v51ntajus3nogsj206/2ZoQRZfkCkdKtR6tbrNncGKIP9A/original?content-type=application%2Fpdf&name=Firefilm+-+ITS+AD-IMF+90-01+%28Hollow+Section+Column%29.pdf,robots_disallowed,carboline-a-d-firefilm-iii-iii-c-firefilm-its-ad-imf-90-01-hollow-sect-fa1e20
Carboline,A/D Firefilm III C,other,Firefilm III C - Submittal Package.pdf,https://carboline.canto.com/direct/v/sales/document/gr2jn32vsl2ej4577357917565/UowCMYYz7MmYQMWZWgce0uzOh9I/original?content-type=application%2Fpdf&name=Firefilm+III+C+-+Submittal+Package.pdf,robots_disallowed,carboline-a-d-firefilm-iii-c-firefilm-iii-c-submittal-package-2e8c77
Carboline,A/D Firefilm III C,specification,Firefilm III C - Technical Specification Guide.doc,https://carboline.canto.com/direct/v/sales/document/enbs90604p5infrh3a1lsmk339/bKvNAdhJeontVgzJRm9rU9wL7Rs/original?content-type=application%2Fmsword&name=Firefilm+III+C+-+Technical+Specification+Guide.doc,robots_disallowed,carboline-a-d-firefilm-iii-c-firefilm-iii-c-technical-specification-gu-9f8a61
Carboline,A/D Firefilm III / III C,design_listing,Firefilm III C - UL D941 (Beam Assembly).pdf,https://carboline.canto.com/direct/v/sales/document/i9n3pakcbp1d58oc83if2bpf1v/id_0XwTYH7acIqgPtTzPygk-I1c/original?content-type=application%2Fpdf&name=Firefilm+III+C+-+UL+D941+%28Beam+Assembly%29.pdf,robots_disallowed,carboline-a-d-firefilm-iii-iii-c-firefilm-iii-c-ul-d941-beam-assembly-bde4ef
Carboline,A/D Firefilm III / III C,design_listing,Firefilm III C - UL D948 (Beam Assembly).pdf,https://carboline.canto.com/direct/v/sales/document/9j0mcvm2gh19lccvdmnb4s141o/xasOfAQDG3WhQ5OKgq2OVg-C8tE/original?content-type=application%2Fpdf&name=Firefilm+III+C+-+UL+D948+%28Beam+Assembly%29.pdf,robots_disallowed,carboline-a-d-firefilm-iii-iii-c-firefilm-iii-c-ul-d948-beam-assembly-fce921
Carboline,A/D Firefilm III / III C,design_listing,Firefilm III C - UL N641 (Beam Only).pdf,https://carboline.canto.com/direct/v/sales/document/73roq6dbrp0bf8og0fh485fb0h/FZ3SZ8kv_dz9jUlODJPnicBwMGE/original?content-type=application%2Fpdf&name=Firefilm+III+C+-+UL+N641+%28Beam+Only%29.pdf,robots_disallowed,carboline-a-d-firefilm-iii-iii-c-firefilm-iii-c-ul-n641-beam-only-fa7f46
Carboline,A/D Firefilm III / III C,design_listing,Firefilm III C - UL X639 (Wide Flange Column).pdf,https://carboline.canto.com/direct/v/sales/document/ir67c3ur1l68pfc7p8mtarr97t/WlHv08ElK-jwEl9eNWX6jS6c4f0/original?content-type=application%2Fpdf&name=Firefilm+III+C+-+UL+X639+%28Wide+Flange+Column%29.pdf,robots_disallowed,carboline-a-d-firefilm-iii-iii-c-firefilm-iii-c-ul-x639-wide-flange-co-670fe1
Carboline,A/D Firefilm III / III C,design_listing,Firefilm III C - UL X641 (Wide Flange Column).pdf,https://carboline.canto.com/direct/v/sales/document/irfk8052d55jre8b91ka02lc0i/4F-nBaKsJZjzDIY1sK0ziGMzoRo/original?content-type=application%2Fpdf&name=Firefilm+III+C+-+UL+X641+%28Wide+Flange+Column%29.pdf,robots_disallowed,carboline-a-d-firefilm-iii-iii-c-firefilm-iii-c-ul-x641-wide-flange-co-e6ef49
Carboline,A/D Firefilm III / III C,design_listing,Firefilm III C - UL X642 (Hollow Section Column).pdf,https://carboline.canto.com/direct/v/sales/document/cda2hdnald6nrb7ni53pg30v5j/RcMPq1XVAU9GImbJWxZFT-HEW-M/original?content-type=application%2Fpdf&name=Firefilm+III+C+-+UL+X642+%28Hollow+Section+Column%29.pdf,robots_disallowed,carboline-a-d-firefilm-iii-iii-c-firefilm-iii-c-ul-x642-hollow-section-00aa72
Carboline,A/D Firefilm III / III C,design_listing,Firefilm III C - UL X643 (Wide Flange Column).pdf,https://carboline.canto.com/direct/v/sales/document/fcllnomesh7h5b1hunosb5mc2a/Gh8rm1d3BVUA5x5uSdKy8pJhW9w/original?content-type=application%2Fpdf&name=Firefilm+III+C+-+UL+X643+%28Wide+Flange+Column%29.pdf,robots_disallowed,carboline-a-d-firefilm-iii-iii-c-firefilm-iii-c-ul-x643-wide-flange-co-d15067
Carboline,A/D Firefilm III / III C,design_listing,Firefilm III C - UL X669 (Wide Flange Column).pdf,https://carboline.canto.com/direct/v/sales/document/gomh603jtd2tlfkggbuulkku34/Uuozr7lHn3kuxdTEbGnUej1dWcE/original?content-type=application%2Fpdf&name=Firefilm+III+C+-+UL+X669+%28Wide+Flange+Column%29.pdf,robots_disallowed,carboline-a-d-firefilm-iii-iii-c-firefilm-iii-c-ul-x669-wide-flange-co-113e4f
Carboline,A/D Firefilm III / III C,design_listing,Firefilm III C - UL X670 (Wide Flange Column).pdf,https://carboline.canto.com/direct/v/sales/document/kkrvr135h14qp0ebsevag3rk25/au1PXrTWWRSAz7P5Pj2UEFF0YY4/original?content-type=application%2Fpdf&name=Firefilm+III+C+-+UL+X670+%28Wide+Flange+Column%29.pdf,robots_disallowed,carboline-a-d-firefilm-iii-iii-c-firefilm-iii-c-ul-x670-wide-flange-co-0a6fb9
Carboline,A/D Firefilm III / III C,design_listing,Firefilm III C - UL X671 (Tubular Column).pdf,https://carboline.canto.com/direct/v/sales/document/si6dkq02ah5115k6dl8orecf11/igkpSP-9gG6vj7UuXLnN3RepS0U/original?content-type=application%2Fpdf&name=Firefilm+III+C+-+UL+X671+%28Tubular+Column%29.pdf,robots_disallowed,carboline-a-d-firefilm-iii-iii-c-firefilm-iii-c-ul-x671-tubular-column-8dff3c
Carboline,A/D Firefilm III / III C,design_listing,Firefilm III C - UL X672 (Tubular Column).pdf,https://carboline.canto.com/direct/v/sales/document/4qph0ga4jl0g7emdms02ojoa2q/yZCKr6nqgurlT9-5yL02zEpTLIU/original?content-type=application%2Fpdf&name=Firefilm+III+C+-+UL+X672+%28Tubular+Column%29.pdf,robots_disallowed,carboline-a-d-firefilm-iii-iii-c-firefilm-iii-c-ul-x672-tubular-column-595c7f
Carboline,A/D Firefilm III / III C,design_listing,Firefilm III C - UL X673 (Hollow Section Column).pdf,https://carboline.canto.com/direct/v/sales/document/g84s820pht74da7sdvap9i491r/ZipC-l1IkTjts4XJgAjEeHyukKM/original?content-type=application%2Fpdf&name=Firefilm+III+C+-+UL+X673+%28Hollow+Section+Column%29.pdf,robots_disallowed,carboline-a-d-firefilm-iii-iii-c-firefilm-iii-c-ul-x673-hollow-section-8e25dd
Carboline,A/D Firefilm III,application_guide,Firefilm Series - Application Manual.pdf,https://carboline.canto.com/direct/v/sales/document/5qcrdcraq96g35l2m48qe9g84g/Uig-P4u75SCc09lZ98bCwa-W1Q8/original?content-type=application%2Fpdf&name=Firefilm+Series+-+Application+Manual.pdf,robots_disallowed,carboline-a-d-firefilm-iii-firefilm-series-application-manual-ca6f7f
Carboline,A/D Firefilm III,specification,Firefilm III  - Technical Specification Guide.doc,https://carboline.canto.com/direct/v/sales/document/svg5r2rgit009d92sbce8j5q41/EQy8LlIbweGkWs9RWIH3D9NIw6k/original?content-type=application%2Fmsword&name=Firefilm+III++-+Technical+Specification+Guide.doc,robots_disallowed,carboline-a-d-firefilm-iii-firefilm-iii-technical-specification-guide-4e54be
Carboline,A/D Firefilm III,listing_report,Firefilm III - UL Certificate.pdf,https://carboline.canto.com/direct/v/sales/document/mrb5fqs2ep5hrb8rbi8bb8kj10/sAkCyoathZo99BZQgvG1Hy1I1ss/original?content-type=application%2Fpdf&name=Firefilm+III+-+UL+Certificate.pdf,robots_disallowed,carboline-a-d-firefilm-iii-firefilm-iii-ul-certificate-9dd946
Carboline,Firefilm IV,design_listing,Firefilm IV - Intertek CC-IF 180-04 (Hollow Section Column).pdf,https://carboline.canto.com/direct/v/sales/document/n8veuhb7111trdekeqsjacof62/MV5I-iRT5uUlBSjYyhftxiXfOSo/original?content-type=application%2Fpdf&name=Firefilm+IV+-+Intertek+CC-IF+180-04+%28Hollow+Section+Column%29.pdf,robots_disallowed,carboline-firefilm-iv-firefilm-iv-intertek-cc-if-180-04-hollow-section-89ea16
Carboline,Firefilm IV,other,Firefilm IV - Submittal Package.pdf,https://carboline.canto.com/direct/v/sales/document/4tq2gugke930p8at5gg2kqbv1c/xTBAf8Ofyzl0Ivc_uXIZEOw1O0Y/original?content-type=application%2Fpdf&name=Firefilm+IV+-+Submittal+Package.pdf,robots_disallowed,carboline-firefilm-iv-firefilm-iv-submittal-package-e09e7c
Carboline,Pyroclad X1,specification,Pyroclad X1 - Technical Specification Guide.doc,https://carboline.canto.com/direct/v/sales/document/6jsfpeblvh2m55707f0ggem30a/a8ZtXUB4ZnsMKp-qeBLzO9ZzCWc/original?content-type=application%2Fmsword&name=Pyroclad+X1+-+Technical+Specification+Guide.doc,robots_disallowed,carboline-pyroclad-x1-pyroclad-x1-technical-specification-guide-63194a
Carboline,Pyroclad X1,design_listing,Pyroclad X1 - UL 1709 Certification 1 & 2 Hour.pdf,https://carboline.canto.com/direct/v/sales/document/55hqghlegd26567bad8mfjlf56/XKl6vgQuXwlZ00OxRBOA9HGP7wU/original?content-type=application%2Fpdf&name=Pyroclad+X1+-+UL+1709+Certification+1+%26+2+Hour.pdf,robots_disallowed,carboline-pyroclad-x1-pyroclad-x1-ul-1709-certification-1-2-hour-d44491
Carboline,Pyroclad X1,design_listing,Pyroclad X1 - UL 1709 Certification 3 Hour.pdf,https://carboline.canto.com/direct/v/sales/document/secm3gks1d389ebiupffs0pi4m/1WnojAC9_Z_VS9sadMcQRB3YpPI/original?content-type=application%2Fpdf&name=Pyroclad+X1+-+UL+1709+Certification+3+Hour.pdf,robots_disallowed,carboline-pyroclad-x1-pyroclad-x1-ul-1709-certification-3-hour-64bf89
Carboline,Pyrocrete 239,listing_report,Pyrocrete 239 - E119 Thermal Tranmssion Test Report.pdf,https://carboline.canto.com/direct/v/sales/document/vmrltd7q9t14t3geoa6dodgi42/LTJbC6k7YscsPjwqtJzo9LRoppo/original?content-type=application%2Fpdf&name=Pyrocrete+239+-+E119+Thermal+Tranmssion+Test+Report.pdf,robots_disallowed,carboline-pyrocrete-239-pyrocrete-239-e119-thermal-tranmssion-test-rep-de6f00
Carboline,Pyrocrete 239,listing_report,Pyrocrete 239 - FM Foam Test.pdf,https://carboline.canto.com/direct/v/sales/document/5dif6abci108b83uvqbjsmoo0q/jlcTme9-u6SyYNhfCeRDvKV3t6E/original?content-type=application%2Fpdf&name=Pyrocrete+239+-+FM+Foam+Test.pdf,robots_disallowed,carboline-pyrocrete-239-pyrocrete-239-fm-foam-test-c09476
Carboline,Pyrocrete 239,specification,Pyrocrete 239 - Technical Specification Guide (Foam).pdf,https://carboline.canto.com/direct/v/sales/document/opcq7g41jp0k78tlpgcockeh62/jNVkVjyAZUmz8OBZ_7C13kxN5_I/original?content-type=application%2Fpdf&name=Pyrocrete+239+-+Technical+Specification+Guide+%28Foam%29.pdf,robots_disallowed,carboline-pyrocrete-239-pyrocrete-239-technical-specification-guide-fo-2a394c
Carboline,Pyrocrete 239,specification,Pyrocrete 239 - Technical Specification Guide.pdf,https://carboline.canto.com/direct/v/sales/document/0hs56gvltp0tp295kf9jr8gn5f/bPwjrTIlPCsMKaNcbZocEdr7zgs/original?content-type=application%2Fpdf&name=Pyrocrete+239+-+Technical+Specification+Guide.pdf,robots_disallowed,carboline-pyrocrete-239-pyrocrete-239-technical-specification-guide-a6df0a
Carboline,Pyrocrete 239,listing_report,Pyrocrete 239 - UL Certificate.pdf,https://carboline.canto.com/direct/v/sales/document/di73lgg9fh7sd5f2mima3r7g4a/RdBaF_37VwIM2I3xqgNa5gBJ6NM/original?content-type=application%2Fpdf&name=Pyrocrete+239+-+UL+Certificate.pdf,robots_disallowed,carboline-pyrocrete-239-pyrocrete-239-ul-certificate-31e1ed
Carboline,Pyrocrete 241,primer_topcoat_list,Pyrocrete 241 - Acceptable Primer List.pdf,https://carboline.canto.com/direct/v/sales/document/set5c01k0t6gl0r75te0hpe07e/u7dkce36yJwUfPKalubNuV8w6jc/original?content-type=application%2Fpdf&name=Pyrocrete+241+-+Acceptable+Primer+List.pdf,robots_disallowed,carboline-pyrocrete-241-pyrocrete-241-acceptable-primer-list-3dff45
Carboline,Pyrocrete 241,technical_bulletin,Pyrocrete 40 - Durometer Hardness Technical Bulletin.pdf,https://carboline.canto.com/direct/v/sales/document/te90tidci118rede3t95bbms19/nmlVjGjJc61Hs2DD19XMi1-C7_4/original?content-type=application%2Fpdf&name=Pyrocrete+40+-+Durometer+Hardness+Technical+Bulletin.pdf,robots_disallowed,carboline-pyrocrete-241-pyrocrete-40-durometer-hardness-technical-bull-529957
Carboline,Pyrocrete 341,application_guide,Pyrocrete 341 - Application Guide.pdf,https://carboline.canto.com/direct/v/sales/document/9epqrl5s1p1md5hceilp60u621/fLUj-kAtA3j6rqQ_ZY5Uh0S4ses/original?content-type=application%2Fpdf&name=Pyrocrete+341+-+Application+Guide.pdf,robots_disallowed,carboline-pyrocrete-341-pyrocrete-341-application-guide-7a64ac
Carboline,Pyrocrete 341,primer_topcoat_list,Pyrocrete 341 - Acceptable Primer List.pdf,https://carboline.canto.com/direct/v/sales/document/e7fqsqu2rh1rb14lkq49jk4111/CSHX9LBppkSBKAkYn2mAsrTXS7A/original?content-type=application%2Fpdf&name=Pyrocrete+341+-+Acceptable+Primer+List.pdf,robots_disallowed,carboline-pyrocrete-341-pyrocrete-341-acceptable-primer-list-37003f
Carboline,Pyrocrete 40,listing_report,Pyrocrete 40 - A-R15960 UL Certificate.pdf,https://carboline.canto.com/direct/v/sales/document/mbso7qq7fd257909lt78iku47k/STGExOHPtAL0u4789WPmEGOhRAk/original?content-type=application%2Fpdf&name=Pyrocrete+40+-+A-R15960+UL+Certificate.pdf,robots_disallowed,carboline-pyrocrete-40-pyrocrete-40-a-r15960-ul-certificate-63af63
Carboline,Pyrocrete 40,primer_topcoat_list,Pyrocrete 40 - Approved Primers.pdf,https://carboline.canto.com/direct/v/sales/document/u63rtm56jt0v9d8s4ri9vvuj7c/K9_PT7TQsSslwicAZOgJMAHmMmU/original?content-type=application%2Fpdf&name=Pyrocrete+40+-+Approved+Primers.pdf,robots_disallowed,carboline-pyrocrete-40-pyrocrete-40-approved-primers-5e162b
Carboline,Pyrocrete 40,application_guide,Pyrocrete 40 - Assembly Illustrations & Data.pdf,https://carboline.canto.com/direct/v/sales/document/ajp5qrmkil191dj0jt2d9m8964/pJAjgyY6SE_vvPjul438-ix_VAQ/original?content-type=application%2Fpdf&name=Pyrocrete+40+-+Assembly+Illustrations+%26+Data.pdf,robots_disallowed,carboline-pyrocrete-40-pyrocrete-40-assembly-illustrations-data-9bd85b
Carboline,Pyrocrete 40,specification,Pyrocrete 40 - Technical Specification Guide.pdf,https://carboline.canto.com/direct/v/sales/document/ecpqv5kuqt3sp04rk18i79563c/rcqxqGEcLIWXVZVlR4qn7hEP_To/original?content-type=application%2Fpdf&name=Pyrocrete+40+-+Technical+Specification+Guide.pdf,robots_disallowed,carboline-pyrocrete-40-pyrocrete-40-technical-specification-guide-e5d2cf
Carboline,Pyrocrete 40,design_listing,Pyrocrete 40 - UL 1709 XR705.pdf,https://carboline.canto.com/direct/v/sales/document/kkt3tqqjed64t70782r48cdn7s/qpuff7eTxzooVRWnG9kvbeINoks/original?content-type=application%2Fpdf&name=Pyrocrete+40+-+UL+1709+XR705.pdf,robots_disallowed,carboline-pyrocrete-40-pyrocrete-40-ul-1709-xr705-1e9647
Carboline,Pyrocrete 40,design_listing,Pyrocrete 40 - UL 1709 XR706.pdf,https://carboline.canto.com/direct/v/sales/document/sta12mlcbd7nvet0p6c01s0n68/Ew68v4pUh9vzMrH8z0aE4GXHfRA/original?content-type=application%2Fpdf&name=Pyrocrete+40+-+UL+1709+XR706.pdf,robots_disallowed,carboline-pyrocrete-40-pyrocrete-40-ul-1709-xr706-b7b6f3
Carboline,Pyrocrete 40,design_listing,Pyrocrete 40 - UL 1709 XR707.pdf,https://carboline.canto.com/direct/v/sales/document/tvirhp57590ht6s13vcu4tol7e/Ib57qcQETPKT_7XOyorbQmzLqaA/original?content-type=application%2Fpdf&name=Pyrocrete+40+-+UL+1709+XR707.pdf,robots_disallowed,carboline-pyrocrete-40-pyrocrete-40-ul-1709-xr707-0d50d4
Carboline,Pyrocrete 40,design_listing,Pyrocrete 40 - UL XR733.pdf,https://carboline.canto.com/direct/v/sales/document/9bsjs5k7rd4o1512km3j9m221g/QXqpNnDfmjlg0dPyXTaM16qAc0Y/original?content-type=application%2Fpdf&name=Pyrocrete+40+-+UL+XR733.pdf,robots_disallowed,carboline-pyrocrete-40-pyrocrete-40-ul-xr733-4a5590
Carboline,Pyrocrete 40,listing_report,Pyrocrete 40 - XR733-1 Alternate Temperature Assessment.pdf,https://carboline.canto.com/direct/v/sales/document/4jkpee3g852893h4lgvof0cd7r/yyGImrfDx6tkrcLN-iDS-WZ-Dak/original?content-type=application%2Fpdf&name=Pyrocrete+40+-+XR733-1+Alternate+Temperature+Assessment.pdf,robots_disallowed,carboline-pyrocrete-40-pyrocrete-40-xr733-1-alternate-temperature-asse-242e9b
Carboline,Pyrocrete 40,application_guide,Pyrocrete - Field Manual.pdf,https://carboline.canto.com/direct/v/sales/document/p0vd7eg04954t3q9v77k75lj07/UBluEc9Sw9fpOLZq4FQGHh3mjMU/original?content-type=application%2Fpdf&name=Pyrocrete+-+Field+Manual.pdf,robots_disallowed,carboline-pyrocrete-40-pyrocrete-field-manual-4f0695
Carboline,Southwest Type 5AR,technical_bulletin,Southwest - Accelerator A-20 Fast Set Additive.pdf,https://carboline.canto.com/direct/v/sales/document/ca7g0ornmt2od9i8t30q9lrq5a/-DSdIR6IpDs1KtaX6NTqgaFKySM/original?content-type=application%2Fpdf&name=Southwest+-+Accelerator+A-20+Fast+Set+Additive.pdf,robots_disallowed,carboline-southwest-type-5ar-southwest-accelerator-a-20-fast-set-addit-23f18f
Carboline,Southwest Type 5/7 series,technical_bulletin,Southwest - SFRM High Rise Building Code Update.pdf,https://carboline.canto.com/direct/v/sales/document/4e9tlh0d6h7038lqcnfmpu3l7b/9F8oJRJpiWzK6GTbbDhXvAsPgDY/original?content-type=application%2Fpdf&name=Southwest+-+SFRM+High+Rise+Building+Code+Update.pdf,robots_disallowed,carboline-southwest-type-5-7-series-southwest-sfrm-high-rise-building--c51868
Carboline,Southwest Type 5AR,technical_bulletin,Southwest Type DK - Adhesive for Roof Decks.pdf,https://carboline.canto.com/direct/v/sales/document/sdr0mtepjt301a0jqd5aoknf4l/7mcHTF3e-EJLqePfaJpgSpFa6ks/original?content-type=application%2Fpdf&name=Southwest+Type+DK+-+Adhesive+for+Roof+Decks.pdf,robots_disallowed,carboline-southwest-type-5ar-southwest-type-dk-adhesive-for-roof-decks-856b02
Carboline,Southwest Type 5/7 series,application_guide,Southwest - Application Manual.pdf,https://carboline.canto.com/direct/v/sales/document/fn09p6se955sl99i9arfa1p53g/cEMs9a9ThnLSe2UTQ2BlMR_5Mhw/original?content-type=application%2Fpdf&name=Southwest+-+Application+Manual.pdf,robots_disallowed,carboline-southwest-type-5-7-series-southwest-application-manual-93f320
Carboline,Southwest Type 5AR,application_guide,Southwest Type 5AR - Injection Procedures.pdf,https://carboline.canto.com/direct/v/sales/document/rg07r3cmbh6n9biktk87l3i546/EcJfXFOTPVMWZXHL9vjh9vGusGE/original?content-type=application%2Fpdf&name=Southwest+Type+5AR+-+Injection+Procedures.pdf,robots_disallowed,carboline-southwest-type-5ar-southwest-type-5ar-injection-procedures-7683ea
Carboline,Southwest Type 5/7 series,design_listing,Southwest - Product Selector.pdf,https://carboline.canto.com/direct/v/sales/document/p0pmf8sm2l2416nejc5pvpgr0c/NwEIFRcefT32rXdHn-SYZT69u9Q/original?content-type=application%2Fpdf&name=Southwest+-+Product+Selector.pdf,robots_disallowed,carboline-southwest-type-5-7-series-southwest-product-selector-0f378d
Carboline,Southwest Type 5AR,technical_bulletin,Southwest Type 5AR - Extended Set Technical Information.pdf,https://carboline.canto.com/direct/v/sales/document/ibkeqcbrbd45ra15omth27kb11/4bTMD4Fnesk8jymUG22bX_mxU-E/original?content-type=application%2Fpdf&name=Southwest+Type+5AR+-+Extended+Set+Technical+Information.pdf,robots_disallowed,carboline-southwest-type-5ar-southwest-type-5ar-extended-set-technical-4e7f8d
Carboline,Southwest Type 5AR,specification,Southwest Type 5AR - Technical Specification Guide.doc,https://carboline.canto.com/direct/v/sales/document/ckm4b9g7j15dd1kbhl4q5h8m5o/Uzue7kYETw0VzqmWjkD2q418Cvs/original?content-type=application%2Fmsword&name=Southwest+Type+5AR+-+Technical+Specification+Guide.doc,robots_disallowed,carboline-southwest-type-5ar-southwest-type-5ar-technical-specificatio-c05dd9
Carboline,Southwest Type 5AR,application_guide,Southwest Type DK3 - Adhesive-Overspray.pdf,https://carboline.canto.com/direct/v/sales/document/4eks7mplvh7ijdlbl7u8a7b60a/BGTr5fSF8be4k2H44cv0_O8PEBY/original?content-type=application%2Fpdf&name=Southwest+Type+DK3+-+Adhesive-Overspray.pdf,robots_disallowed,carboline-southwest-type-5ar-southwest-type-dk3-adhesive-overspray-20a004
Carboline,Southwest Type 5/7 series,thickness_chart,Southwest - Wet Density Adjustment Guide.pdf,https://carboline.canto.com/direct/v/sales/document/dfps913qrl4bncujg14409iv6i/fGK2t5vAVXqleQxfKHVer9a8A4U/original?content-type=application%2Fpdf&name=Southwest+-+Wet+Density+Adjustment+Guide.pdf,robots_disallowed,carboline-southwest-type-5-7-series-southwest-wet-density-adjustment-g-e9d9ec
Carboline,Southwest Type 5/7 series,technical_bulletin,Southwest - AD Type TC-55 Adhesive-Sealer.pdf,https://carboline.canto.com/direct/v/sales/document/ug5k8eq9od5kf6t2oaegigt277/u4Z5u3PsdsGCE0Z-nvygxoeetow/original?content-type=application%2Fpdf&name=Southwest+-+AD+Type+TC-55+Adhesive-Sealer.pdf,robots_disallowed,carboline-southwest-type-5-7-series-southwest-ad-type-tc-55-adhesive-s-c72c01
Carboline,Southwest Type 5GP,technical_bulletin,AWCI Technical Manual 12-A.pdf,https://carboline.canto.com/direct/v/sales/document/bn5hmvv7814gf39qsq3iddio4g/OAfdgSsV4plOS61HKUFMLJ2EfQ0/original?content-type=application%2Fpdf&name=AWCI+Technical+Manual+12-A.pdf,robots_disallowed,carboline-southwest-type-5gp-awci-technical-manual-12-a-498930
Carboline,Southwest Type 5GP,technical_bulletin,OSHA Crystalline Silica Exposure Technical Bulletin.pdf,https://carboline.canto.com/direct/v/sales/document/0fhc2qpqs51gha8ch7cngfdc5o/xemds9x4Nq2Hjmxx-T7P9UnKlOc/original?content-type=application%2Fpdf&name=OSHA+Crystalline+Silica+Exposure+Technical+Bulletin.pdf,robots_disallowed,carboline-southwest-type-5gp-osha-crystalline-silica-exposure-technica-d7ef1a
Carboline,Southwest Type 5/7 series,thickness_chart,Southwest - Estimating Manual.pdf,https://carboline.canto.com/direct/v/sales/document/67jl2qo0590s7dfmkn3g8o3d3g/IBrMQFmJx3PD5Ukznw7iXL_X5Cg/original?content-type=application%2Fpdf&name=Southwest+-+Estimating+Manual.pdf,robots_disallowed,carboline-southwest-type-5-7-series-southwest-estimating-manual-73632a
Carboline,Southwest Type 5/7 series,design_listing,Southwest - UL Design Flowcharts.pdf,https://carboline.canto.com/direct/v/sales/document/n3oqm1adk95v30ft4f52rqvt0q/h79ZeaL21V9-IE_LW3vJ9rSO_ic/original?content-type=application%2Fpdf&name=Southwest+-+UL+Design+Flowcharts.pdf,robots_disallowed,carboline-southwest-type-5-7-series-southwest-ul-design-flowcharts-0dd42e
Carboline,Southwest Type 5/7 series,primer_topcoat_list,Southwest - Approved Primers.pdf,https://carboline.canto.com/direct/v/sales/document/8clhl4fh5h4gh2nsg27msitv67/QMrtoGrIh37uRXASsKmeoJbJNBk/original?content-type=application%2Fpdf&name=Southwest+-+Approved+Primers.pdf,robots_disallowed,carboline-southwest-type-5-7-series-southwest-approved-primers-1e2773
Carboline,Southwest Type 5GP,thickness_chart,Southwest Type 5GP - Simplified Density & Yield Chart.pdf,https://carboline.canto.com/direct/v/sales/document/oeki6tv9q92ovc60t1o03qu07e/cF8jij2cHdQ_Y1xracjz4Zz8VAY/original?content-type=application%2Fpdf&name=Southwest+Type+5GP+-+Simplified+Density+%26+Yield+Chart.pdf,robots_disallowed,carboline-southwest-type-5gp-southwest-type-5gp-simplified-density-yie-e75f43
Carboline,Southwest Type 5GP,other,Southwest Type 5GP - Submittal Package with A20.pdf,https://carboline.canto.com/direct/v/sales/document/ku57fsn9a91jd2c8bculf63s2d/ef1VMGkreevJXdlxQzPPGVvCLHU/original?content-type=application%2Fpdf&name=Southwest+Type+5GP+-+Submittal+Package+with+A20.pdf,robots_disallowed,carboline-southwest-type-5gp-southwest-type-5gp-submittal-package-with-e63e0d
Carboline,Southwest Type 5GP,specification,Southwest Type 5GP - Technical Specification Guide.doc,https://carboline.canto.com/direct/v/sales/document/rln0tenmq10sb738mased9vr28/V7M8ur3-Yu__gVaZwHz1qPOIApI/original?content-type=application%2Fmsword&name=Southwest+Type+5GP+-+Technical+Specification+Guide.doc,robots_disallowed,carboline-southwest-type-5gp-southwest-type-5gp-technical-specificatio-fb3234
Carboline,Southwest Type 5GP,thickness_chart,Southwest Type 5GP - Theoretical Density & Coverage Chart.pdf,https://carboline.canto.com/direct/v/sales/document/65j7dlb09l3m3clkslmjk5p703/SnZ-65mltK5tZDgj4rDv_a6EPtM/original?content-type=application%2Fpdf&name=Southwest+Type+5GP+-+Theoretical+Density+%26+Coverage+Chart.pdf,robots_disallowed,carboline-southwest-type-5gp-southwest-type-5gp-theoretical-density-co-fb2b3c
Carboline,Thermo-Lag 3000-P/SP,design_listing,Thermo-Lag 3000 - UL 1709 XR618.pdf,https://carboline.canto.com/direct/v/sales/document/p4o16dqhrt1570ap0bsu3jgt1s/d5BUPzOFLjNNebThU-68qglPRb0/original?content-type=application%2Fpdf&name=Thermo-Lag+3000+-+UL+1709+XR618.pdf,robots_disallowed,carboline-thermo-lag-3000-p-sp-thermo-lag-3000-ul-1709-xr618-58ecff
Carboline,Thermo-Lag 3000-P/SP,design_listing,Thermo-Lag 3000 - UL 1709 XR620.pdf,https://carboline.canto.com/direct/v/sales/document/rnesq476ep3hlciuc5c3qec21i/hsMGYazMIMpWVDPXoxwtfiQ6018/original?content-type=application%2Fpdf&name=Thermo-Lag+3000+-+UL+1709+XR620.pdf,robots_disallowed,carboline-thermo-lag-3000-p-sp-thermo-lag-3000-ul-1709-xr620-99f183
Carboline,Thermo-Lag 3000-P/SP,design_listing,Thermo-Lag 3000 - UL 1709 XR620-1 (Alternate Temperature Assessment).pdf,https://carboline.canto.com/direct/v/sales/document/vr60gvm19936pc8t5202t53j16/Ijrq3iSk6alt_D93L9nX5kSxnlM/original?content-type=application%2Fpdf&name=Thermo-Lag+3000+-+UL+1709+XR620-1+%28Alternate+Temperature+Assessment%29.pdf,robots_disallowed,carboline-thermo-lag-3000-p-sp-thermo-lag-3000-ul-1709-xr620-1-alterna-7a7cf0
Carboline,Thermo-Lag 3000-P/SP,design_listing,Thermo-Lag 3000 - UL 1709 XR621.pdf,https://carboline.canto.com/direct/v/sales/document/515anmfne55q1bulv1f0lp4n7i/aFSFq400thUcZlcqk2VLAEPP9Zc/original?content-type=application%2Fpdf&name=Thermo-Lag+3000+-+UL+1709+XR621.pdf,robots_disallowed,carboline-thermo-lag-3000-p-sp-thermo-lag-3000-ul-1709-xr621-cecbd2
Carboline,Thermo-Lag 3000-P/SP,design_listing,Thermo-Lag 3000 - UL 1709 XR649.pdf,https://carboline.canto.com/direct/v/sales/document/keh3r4kev12tvel7v67an4l14d/Q2x3reu7CXyB9K8IylqErpf8-cQ/original?content-type=application%2Fpdf&name=Thermo-Lag+3000+-+UL+1709+XR649.pdf,robots_disallowed,carboline-thermo-lag-3000-p-sp-thermo-lag-3000-ul-1709-xr649-88d5d8
Carboline,Thermo-Lag 3000-P/SP,primer_topcoat_list,Thermo-Lag 3000 - UL Topcoats for Use in Fire-Resistive Applications.pdf,https://carboline.canto.com/direct/v/sales/document/vs3a0o2lu949j8lj7o24emgu5k/D_JgX6GAbpFRlpAs3txJ7QvAACg/original?content-type=application%2Fpdf&name=Thermo-Lag+3000+-+UL+Topcoats+for+Use+in+Fire-Resistive+Applications.pdf,robots_disallowed,carboline-thermo-lag-3000-p-sp-thermo-lag-3000-ul-topcoats-for-use-in--94540b
Carboline,Thermo-Lag 3000-P,application_guide,Thermo-Lag 3000-P - Application Manual.pdf,https://carboline.canto.com/direct/v/sales/document/okhqcnoij91eb1s6c6ut0j8i4g/IekSWhIOso61Kip4btUUXLIfNnU/original?content-type=application%2Fpdf&name=Thermo-Lag+3000-P+-+Application+Manual.pdf,robots_disallowed,carboline-thermo-lag-3000-p-thermo-lag-3000-p-application-manual-c634be
Carboline,Thermo-Lag 3000-SP,application_guide,Thermo-Lag 3000-SP - Application Manual.pdf,https://carboline.canto.com/direct/v/sales/document/lr6kfctmfl7sb83l56k8hvt212/ouokhIZcxSyktr4CqOyREAJHdr4/original?content-type=application%2Fpdf&name=Thermo-Lag+3000-SP+-+Application+Manual.pdf,robots_disallowed,carboline-thermo-lag-3000-sp-thermo-lag-3000-sp-application-manual-2b7aa0
Carboline,Thermo-Sorb 263,application_guide,Thermo-Sorb 263 - Repair Procedures.pdf,https://carboline.canto.com/direct/v/sales/document/c9944v0gst20n0gfmk8lc99v0e/iWGGqWKa-aI6PiPyKDVW2LbuGoo/original?content-type=application%2Fpdf&name=Thermo-Sorb+263+-+Repair+Procedures.pdf,robots_disallowed,carboline-thermo-sorb-263-thermo-sorb-263-repair-procedures-eafe4d
Carboline,Thermo-Sorb 263,other,Thermo-Sorb 263 - Submittal Package.pdf,https://carboline.canto.com/direct/v/sales/document/useiqef33t51bdsm3kvl91s03l/bPUncEhGy0Lu7M69wezIO_7kbdc/original?content-type=application%2Fpdf&name=Thermo-Sorb+263+-+Submittal+Package.pdf,robots_disallowed,carboline-thermo-sorb-263-thermo-sorb-263-submittal-package-0e2760
Carboline,Thermo-Sorb 263,specification,Thermo-Sorb 263 - Technical Specification Guide.pdf,https://carboline.canto.com/direct/v/sales/document/vsh9kc2kbl3kv0qlb3oil8gb0g/tPdyFBVbIf_Z2ramr6QmWfkv_2c/original?content-type=application%2Fpdf&name=Thermo-Sorb+263+-+Technical+Specification+Guide.pdf,robots_disallowed,carboline-thermo-sorb-263-thermo-sorb-263-technical-specification-guid-38efe3
Carboline,Thermo-Sorb 263,listing_report,Thermo-Sorb 263 - UL Certificate of Compliance.pdf,https://carboline.canto.com/direct/v/sales/document/edboeqt4052od2unoaqa16b85s/3yke_GBlqokLR-XfzT_Hc3Yyb3Y/original?content-type=application%2Fpdf&name=Thermo-Sorb+263+-+UL+Certificate+of+Compliance.pdf,robots_disallowed,carboline-thermo-sorb-263-thermo-sorb-263-ul-certificate-of-compliance-318fef
Carboline,Thermo-Sorb 263,design_listing,Thermo-Sorb 263 - UL D995 (Unprotected Deck Beam Assembly).pdf,https://carboline.canto.com/direct/v/sales/document/fpe8515kh95pb6f7unj3d08674/Y2yNB3j9VVicwnSN8Q4NxXKSBhg/original?content-type=application%2Fpdf&name=Thermo-Sorb+263+-+UL+D995+%28Unprotected+Deck+Beam+Assembly%29.pdf,robots_disallowed,carboline-thermo-sorb-263-thermo-sorb-263-ul-d995-unprotected-deck-bea-897b30
Carboline,Thermo-Sorb 263,design_listing,Thermo-Sorb 263 - UL D996 (Unprotected Deck Beam Assembly).pdf,https://carboline.canto.com/direct/v/sales/document/8j9mq45lr9607b8kmio8v6pv4e/LOVVz4RBhVKx7Iagg_IoQLZb25c/original?content-type=application%2Fpdf&name=Thermo-Sorb+263+-+UL+D996+%28Unprotected+Deck+Beam+Assembly%29.pdf,robots_disallowed,carboline-thermo-sorb-263-thermo-sorb-263-ul-d996-unprotected-deck-bea-6a4e80
Carboline,Thermo-Sorb 263,design_listing,Thermo-Sorb 263 - UL E704 (Protected Deck Beam Assembly).pdf,https://carboline.canto.com/direct/v/sales/document/1ujv5bulnh565aqsonu3sprs1g/fKIiqHXw2bmOmbiYONQhf18HYVs/original?content-type=application%2Fpdf&name=Thermo-Sorb+263+-+UL+E704+%28Protected+Deck+Beam+Assembly%29.pdf,robots_disallowed,carboline-thermo-sorb-263-thermo-sorb-263-ul-e704-protected-deck-beam--24ec97
Carboline,Thermo-Sorb 263,design_listing,Thermo-Sorb 263 - UL N645 (Beam Only).pdf,https://carboline.canto.com/direct/v/sales/document/jq5nisonal1o99ii7dbaq1nd7i/Op-3PrgppK6DKBfeiAlY_xuXLvo/original?content-type=application%2Fpdf&name=Thermo-Sorb+263+-+UL+N645+%28Beam+Only%29.pdf,robots_disallowed,carboline-thermo-sorb-263-thermo-sorb-263-ul-n645-beam-only-1a127f
Carboline,Thermo-Sorb 263,design_listing,Thermo-Sorb 263 - UL Y642 (Wide Flange Column).pdf,https://carboline.canto.com/direct/v/sales/document/6j76d81gmh6nl9vv6qojii4e1b/VyzRBnjV4rOgERpcAlLuXcoe6a4/original?content-type=application%2Fpdf&name=Thermo-Sorb+263+-+UL+Y642+%28Wide+Flange+Column%29.pdf,robots_disallowed,carboline-thermo-sorb-263-thermo-sorb-263-ul-y642-wide-flange-column-9766e0
Carboline,Thermo-Sorb 263,design_listing,Thermo-Sorb 263 - UL Y643 (Tubular Column).pdf,https://carboline.canto.com/direct/v/sales/document/k8t4hcqg8d22fad3v6e8vk287o/knmrtRnRgeJtOijMm1oFrR9hEmU/original?content-type=application%2Fpdf&name=Thermo-Sorb+263+-+UL+Y643+%28Tubular+Column%29.pdf,robots_disallowed,carboline-thermo-sorb-263-thermo-sorb-263-ul-y643-tubular-column-1f97a9
Carboline,Thermo-Sorb 263,design_listing,Thermo-Sorb 263 - UL Y644 (Circular Hollow Section).pdf,https://carboline.canto.com/direct/v/sales/document/cue8ncq5qd26bbu6c0fnsbfv2u/3XpXuvmMW-H6e5awaPMBQLbuMyU/original?content-type=application%2Fpdf&name=Thermo-Sorb+263+-+UL+Y644+%28Circular+Hollow+Section%29.pdf,robots_disallowed,carboline-thermo-sorb-263-thermo-sorb-263-ul-y644-circular-hollow-sect-cfa6c9
Carboline,Thermo-Sorb VOC,other,Thermo-Sorb VOC - Submittal Package.pdf,https://carboline.canto.com/direct/v/sales/document/ufcq35c99l18hdncjm1p35kq2d/M3B3xDbKeJAJidm3VVRN6mU-NLc/original?content-type=application%2Fpdf&name=Thermo-Sorb+VOC+-+Submittal+Package.pdf,robots_disallowed,carboline-thermo-sorb-voc-thermo-sorb-voc-submittal-package-71ebb9
Carboline,Thermo-Sorb VOC,application_guide,Thermo-Sorb Series - Application Manual.pdf,https://carboline.canto.com/direct/v/sales/document/27j7tnjo5h3bpa4snp2ui3jk3k/PbQSR-qSt96gPpSnZweygses7D4/original?content-type=application%2Fpdf&name=Thermo-Sorb+Series+-+Application+Manual.pdf,robots_disallowed,carboline-thermo-sorb-voc-thermo-sorb-series-application-manual-79791d
Carboline,Thermo-Sorb VOC,listing_report,Thermo-Sorb VOC - LA Research Report 25484.pdf,https://carboline.canto.com/direct/v/sales/document/gnc6306oe57jndvtafvcl94d00/xT1re55KTtCroD4jy3vBCg9HROc/original?content-type=application%2Fpdf&name=Thermo-Sorb+VOC+-+LA+Research+Report+25484.pdf,robots_disallowed,carboline-thermo-sorb-voc-thermo-sorb-voc-la-research-report-25484-22ef2f
Carboline,Thermo-Sorb VOC,application_guide,Thermo-Sorb VOC - Repair Procedures.pdf,https://carboline.canto.com/direct/v/sales/document/kmgplioivt4bv4o5esdn530l44/rjmJiB617e3GZZYWNMW1LlW82tU/original?content-type=application%2Fpdf&name=Thermo-Sorb+VOC+-+Repair+Procedures.pdf,robots_disallowed,carboline-thermo-sorb-voc-thermo-sorb-voc-repair-procedures-5f8979
Carboline,Thermo-Sorb VOC,specification,Thermo-Sorb VOC - Technical Specification Guide.doc,https://carboline.canto.com/direct/v/sales/document/iqke6uncb90qdf6vqqls0grp2q/FBCpiDV3FG5vAPRNT5VRdx3XPfc/original?content-type=application%2Fmsword&name=Thermo-Sorb+VOC+-+Technical+Specification+Guide.doc,robots_disallowed,carboline-thermo-sorb-voc-thermo-sorb-voc-technical-specification-guid-06a1a1
Carboline,Thermo-Sorb VOC,listing_report,Thermo-Sorb VOC - UL Certificate of Compliance.pdf,https://carboline.canto.com/direct/v/sales/document/665dli5sqh4bted6dmj07djj6g/_JTahk7CaSxP4nhrThwfM1ByG2o/original?content-type=application%2Fpdf&name=Thermo-Sorb+VOC+-+UL+Certificate+of+Compliance.pdf,robots_disallowed,carboline-thermo-sorb-voc-thermo-sorb-voc-ul-certificate-of-compliance-3dcc71
Carboline,Thermo-Sorb VOC,design_listing,Thermo-Sorb VOC - UL D946 (Beam Assembly).pdf,https://carboline.canto.com/direct/v/sales/document/nq4nkjgqc52397tr59m8pdr330/-QZy3HVK3cet3i9uzNvL_Xve0Mg/original?content-type=application%2Fpdf&name=Thermo-Sorb+VOC+-+UL+D946+%28Beam+Assembly%29.pdf,robots_disallowed,carboline-thermo-sorb-voc-thermo-sorb-voc-ul-d946-beam-assembly-72c92b
Carboline,Thermo-Sorb VOC,design_listing,Thermo-Sorb VOC - UL N619 (Beam Only).pdf,https://carboline.canto.com/direct/v/sales/document/mhd79hsabl08v6a2bdbie8nn0c/gnW2L9RnyCfNMvyEXI8TVxZ6cuU/original?content-type=application%2Fpdf&name=Thermo-Sorb+VOC+-+UL+N619+%28Beam+Only%29.pdf,robots_disallowed,carboline-thermo-sorb-voc-thermo-sorb-voc-ul-n619-beam-only-95ac9f
Carboline,Thermo-Sorb VOC,design_listing,Thermo-Sorb VOC - UL X660 (Wide Flange Columns).pdf,https://carboline.canto.com/direct/v/sales/document/vcceili2rh0rrd9u6nb2k3f548/05f-aSrb9DeK-juBqOZx7bFNpKY/original?content-type=application%2Fpdf&name=Thermo-Sorb+VOC+-+UL+X660+%28Wide+Flange+Columns%29.pdf,robots_disallowed,carboline-thermo-sorb-voc-thermo-sorb-voc-ul-x660-wide-flange-columns-b663c6
Carboline,Thermo-Sorb VOC,design_listing,Thermo-Sorb VOC - UL X661 (Rectangular Tubular Sections).pdf,https://carboline.canto.com/direct/v/sales/document/am8r34kstt7fd1mp1f5nsdpi7g/9a6DpgvH72Zj_CVk1duFzndBLZY/original?content-type=application%2Fpdf&name=Thermo-Sorb+VOC+-+UL+X661+%28Rectangular+Tubular+Sections%29.pdf,robots_disallowed,carboline-thermo-sorb-voc-thermo-sorb-voc-ul-x661-rectangular-tubular--e58383
Carboline,Thermo-Sorb VOC,design_listing,Thermo-Sorb VOC - UL X662 (Circular Hollow Sections).pdf,https://carboline.canto.com/direct/v/sales/document/as7la6rorh1oj2730ds4ja4h53/8R7BIMzN8ilL8m2ZB0nukWbJGn8/original?content-type=application%2Fpdf&name=Thermo-Sorb+VOC+-+UL+X662+%28Circular+Hollow+Sections%29.pdf,robots_disallowed,carboline-thermo-sorb-voc-thermo-sorb-voc-ul-x662-circular-hollow-sect-cb6d44
Hilti,Fire Finish 120+ CFP-SP WB,product_data,ASSET_DOC_LOC_8329635.pdf,https://productdata.hilti.com/APQ_HC_RAW/ASSET_DOC_LOC_8329635.pdf,,hilti-ff120-product-data-sheet-b47a8d
Hilti,Fire Finish 120+ CFP-SP WB,application_guide,ASSET_DOC_LOC_19812576.pdf,https://productdata.hilti.com/APQ_HC_RAW/ASSET_DOC_LOC_19812576.pdf,,hilti-ff120-application-guide-en-4e0750
Hilti,Fire Finish 120+ CFP-SP WB,application_guide,ASSET_DOC_LOC_19812679.pdf,https://productdata.hilti.com/APQ_HC_RAW/ASSET_DOC_LOC_19812679.pdf,,hilti-ff120-application-guide-fr-ec8f02
Hilti,Fire Finish 120+ CFP-SP WB,primer_topcoat_list,ASSET_DOC_LOC_1546021.pdf,https://productdata.hilti.com/APQ_HC_RAW/ASSET_DOC_LOC_1546021.pdf,,hilti-ff120-approved-primer-list-b6f6bc
Hilti,Fire Finish 120+ CFP-SP WB,primer_topcoat_list,ASSET_DOC_LOC_6518234.pdf,https://productdata.hilti.com/APQ_HC_RAW/ASSET_DOC_LOC_6518234.pdf,,hilti-ff120-approved-topcoat-list-6d159e
Hilti,Fire Finish 120+ CFP-SP WB,primer_topcoat_list,ASSET_DOC_LOC_25737044.pdf,https://productdata.hilti.com/APQ_HC_RAW/ASSET_DOC_LOC_25737044.pdf,,hilti-ff120-approved-topcoat-list-2-10f8d0
Hilti,Fire Finish 120+ CFP-SP WB,application_guide,ASSET_DOC_LOC_6518232.pdf,https://productdata.hilti.com/APQ_HC_RAW/ASSET_DOC_LOC_6518232.pdf,,hilti-ff120-troubleshooting-guide-30a5b9
Hilti,Fire Finish 120+ CFP-SP WB,listing_report,ASSET_DOC_LOC_17817640.pdf,https://productdata.hilti.com/APQ_HC_RAW/ASSET_DOC_LOC_17817640.pdf,,hilti-ff120-ul-er26677-01-icc-es-ac10-ac23-28c65a
Hilti,Fire Finish 120+ CFP-SP WB,other,ASSET_DOC_LOC_21719133.xlsx,https://productdata.hilti.com/APQ_HC_RAW/ASSET_DOC_LOC_21719133.xlsx,,hilti-ff120-estimator-xlsx-fc4841
Hilti,Fire Finish 120+ CFP-SP WB,specification,ASSET_DOC_LOC_6425846.doc,https://productdata.hilti.com/APQ_HC_RAW/ASSET_DOC_LOC_6425846.doc,,hilti-ff120-spec-section-07-81-23-3e48fe
Hilti,Fire Finish 120+ CFP-SP WB,sds,IBD_WWI-00000000000006953667_000.pdf,https://productdata.hilti.com/APQ_HC_RAW/IBD_WWI-00000000000006953667_000.pdf,,hilti-ff120-sds-en-ac244b
Hilti,Fire Finish 120+ CFP-SP WB,sds,IBD_WWI-00000000000006953668_000.pdf,https://productdata.hilti.com/APQ_HC_RAW/IBD_WWI-00000000000006953668_000.pdf,,hilti-ff120-sds-es-14e29c
Hilti,Fire Finish 120+ CFP-SP WB,application_guide,PUB_5279634_000.pdf,https://productdata.hilti.com/APQ_HC_RAW/PUB_5279634_000.pdf,,hilti-ff120-operating-instruction-7589d5
Hilti,Fire Finish 120+ CFP-SP WB,other,ASSET_DOC_LOC_12610923.pdf,https://productdata.hilti.com/APQ_HC_RAW/ASSET_DOC_LOC_12610923.pdf,,hilti-ff120-voc-cdph-report-1733bb
Hilti,Fire Finish 120+ CFP-SP WB,other,ASSET_DOC_LOC_21689218.pdf,https://productdata.hilti.com/APQ_HC_RAW/ASSET_DOC_LOC_21689218.pdf,,hilti-ff120-epd-ea05cf
Hilti,Fire Finish 60+ CFP-SP WB,product_data,ASSET_DOC_LOC_24371568.pdf,https://productdata.hilti.com/APQ_HC_RAW/ASSET_DOC_LOC_24371568.pdf,,hilti-ff60-product-data-sheet-74d778
Hilti,Fire Finish 60+ CFP-SP WB,product_data,ASSET_DOC_LOC_24490721.pdf,https://productdata.hilti.com/APQ_HC_RAW/ASSET_DOC_LOC_24490721.pdf,,hilti-ff60-product-data-sheet-fr-58f52d
Hilti,Fire Finish 60+/120+ CFP-SP WB,application_guide,ASSET_DOC_LOC_24371312.pdf,https://productdata.hilti.com/APQ_HC_RAW/ASSET_DOC_LOC_24371312.pdf,,hilti-ff60-ff120-application-guide-us-en-49657a
Hilti,Fire Finish 60+ CFP-SP WB,primer_topcoat_list,ASSET_DOC_LOC_24490567.pdf,https://productdata.hilti.com/APQ_HC_RAW/ASSET_DOC_LOC_24490567.pdf,,hilti-ff60-approved-primer-list-8b4af0
Hilti,Fire Finish 60+ CFP-SP WB,primer_topcoat_list,ASSET_DOC_LOC_24490609.pdf,https://productdata.hilti.com/APQ_HC_RAW/ASSET_DOC_LOC_24490609.pdf,,hilti-ff60-approved-topcoat-list-0b0462
Hilti,Fire Finish 60+ CFP-SP WB,primer_topcoat_list,ASSET_DOC_LOC_25737101.pdf,https://productdata.hilti.com/APQ_HC_RAW/ASSET_DOC_LOC_25737101.pdf,,hilti-ff60-approved-primer-list-2-7f2813
Hilti,Fire Finish 60+ CFP-SP WB,primer_topcoat_list,ASSET_DOC_LOC_25737141.pdf,https://productdata.hilti.com/APQ_HC_RAW/ASSET_DOC_LOC_25737141.pdf,,hilti-ff60-approved-topcoat-list-2-1f04ee
Hilti,Fire Finish 60+ CFP-SP WB,sds,IBD_WWI-00000000000006950974_000.pdf,https://productdata.hilti.com/APQ_HC_RAW/IBD_WWI-00000000000006950974_000.pdf,,hilti-ff60-sds-en-a8b793
Hilti,Fire Finish 60+ CFP-SP WB,sds,IBD_WWI-00000000000006950975_000.pdf,https://productdata.hilti.com/APQ_HC_RAW/IBD_WWI-00000000000006950975_000.pdf,,hilti-ff60-sds-es-8f52a5
Hilti,Fire Finish 60+ CFP-SP WB,application_guide,PUB_5832166_000.pdf,https://productdata.hilti.com/APQ_HC_RAW/PUB_5832166_000.pdf,,hilti-ff60-operating-instruction-45c399
Hilti,Fire Finish 120+ CFP-SP WB,product_data,ASSET_DOC_LOC_9567250.pdf,https://productdata.hilti.com/APQ_HC_RAW/ASSET_DOC_LOC_9567250.pdf,,hilti-ff120-product-data-sheet-ca-fr-fa958f
Hilti,Fire Finish 120+ CFP-SP WB,application_guide,ASSET_DOC_LOC_1545951.pdf,https://productdata.hilti.com/APQ_HC_RAW/ASSET_DOC_LOC_1545951.pdf,,hilti-ff120-troubleshooting-guide-fr-096fef
Hilti,Fire Finish 120+ CFP-SP WB,other,ASSET_DOC_11021118.pdf,https://productdata.hilti.com/APQ_HC_RAW/ASSET_DOC_11021118.pdf,,hilti-ff120-epd-en-ca-55bcae
Hilti,Fire Finish 120+ CFP-SP WB,sds,IBD_WWI-00000000000006953666_000.pdf,https://productdata.hilti.com/APQ_HC_RAW/IBD_WWI-00000000000006953666_000.pdf,,hilti-ff120-sds-fr-ca-676411
Hilti,Fire Finish 60+ CFP-SP WB,sds,IBD_WWI-00000000000006953662_000.pdf,https://productdata.hilti.com/APQ_HC_RAW/IBD_WWI-00000000000006953662_000.pdf,,hilti-ff60-sds-fr-ca-7767c0
Jotun,SteelMaster 1200WF,other,pfp_doc2021_002-rev.6-dop-steelmaster-1200wf-24.04.2026-signed.pdf,https://cp.jotun.com/siteassetsjot03/_b2b/product-brochures/pfp_doc2021_002-rev.6-dop-steelmaster-1200wf-24.04.2026-signed.pdf,,jotun-dop-steelmaster-1200wf-rev-6-24-04-2026-ef0b3f
Jotun,SteelMaster 600WF,other,dop-steelmaster-600wf_2022.pdf,https://cp.jotun.com/siteassetsjot03/_b2b/product-brochures/dop-steelmaster-600wf_2022.pdf,,jotun-dop-steelmaster-600wf-2022-4ae6f7
Jotun,SteelMaster 1200HPE,other,pfp_doc2022_003-rev.3-dop-steelmaster-1200hpe-07.05.2026.pdf,https://cp.jotun.com/siteassetsjot03/_b2b/product-brochures/pfp_doc2022_003-rev.3-dop-steelmaster-1200hpe-07.05.2026.pdf,,jotun-dop-steelmaster-1200hpe-rev-3-07-05-2026-0bd678
Jotun,,specification,20201107_jotun_gbs_high-performance_coatings_csi_spec-1.docx,https://cp.jotun.com/siteassetsjot03/_b2b/gbs-specify-docs/20201107_jotun_gbs_high-performance_coatings_csi_spec-1.docx,,jotun-jotun-high-performance-coatings-csi-specificatio-18681c
Hempel,Hempafire Pro 315,product_data,hempafire-pro-315-43360,https://www.hempel.com/en-us/all-products/hempafire-pro-315-43360,,hempel-hempafire-pro-315-pds-a81e8f
Hempel,Hempafire Pro 320,product_data,hempafire-pro-320-43320,https://www.hempel.com/en-us/all-products/hempafire-pro-320-43320,,hempel-hempafire-pro-320-pds-1ef988
Hempel,Hempafire Pro 400,product_data,hempafire-pro-400-43490,https://www.hempel.com/en-us/all-products/hempafire-pro-400-43490,,hempel-hempafire-pro-400-pds-e54ae0
Hempel,Hempafire Optima 500,product_data,hempafire-optima-500-48880,https://www.hempel.com/en-us/all-products/hempafire-optima-500-48880,,hempel-hempafire-optima-500-pds-1a801f
Hempel,Hempafire Extreme 550,product_data,hempafire-extreme-550-43500,https://www.hempel.com/en-us/all-products/hempafire-extreme-550-43500,,hempel-hempafire-extreme-550-pds-8a6f20
Hempel,Hempafire XTR 100,product_data,hempafire-xtr-100-67820,https://www.hempel.com/en-us/all-products/hempafire-xtr-100-67820,,hempel-hempafire-xtr-100-pds-1cab8c
Hempel,Hempacore One FD,product_data,hempacore-one-fd-43601,https://www.hempel.com/en-us/all-products/hempacore-one-fd-43601,,hempel-hempacore-one-fd-pds-2a5918
Hempel,Hempafire XTR 100,product_data,hempafire-xtr-100-67820,https://www.hempel.com/en-us/all-products/hempafire-xtr-100-67820,,hempel-hempafire-xtr-100-product-information-sheet-315b71
